"Class","Proportion"
"0",65.4754307594129
"1",34.5245692405871
