"Classifier","Accuracy","AUC","Avg"
"Decision Tree",0.817409766454352,0.836508224479923,0.826958995467138
"Naïve Bayes",0.337579617834395,0.743136187711661,0.540357902773028
"Bagging",0.808917197452229,0.822266569908079,0.815591883680154
"Boosting",0.75796178343949,0.791747298822771,0.774854541131131
"Random Forest",0.81104033970276,0.838513949363006,0.824777144532883
"Neural Network",0.766454352441614,0.771488469601679,0.768971411021646
