"mtry","Error"
25,0.200729927007299
12,0.198905109489051
6,0.197080291970803
3,0.196167883211679
1,0.328467153284672
